SET NAMES UTF8;
DROP DATABASE IF EXISTS stu_mysql;
CREATE DATABASE stu_mysql CHARSET=UTF8;
USE stu_mysql;
/*班级课程表*/
CREATE TABLE class_schedule(  
    cid int NOT NULL PRIMARY KEY,
    class_name VARCHAR(16) not null,
    homeroom_teacher VARCHAR(16) not null,
    course_schedule VARCHAR(16) NOT NULL
);
insert into class_schedule VALUES
(10,'音乐班','王杰','语文,数学,英语'),
(20,'编程班','涛哥','语文,数学,英语'),
(30,'英文班','晓宇','语文,数学,英语'),
(40,'日语班','成亮','语文,数学,英语'),
(50,'精英班','楠姐','语文,数学,英语');
/*学生表结构*/
CREATE TABLE stu(
  sid INT(9) PRIMARY KEY,
  sname VARCHAR(16) not null,
  sex BOOLEAN not null,
  birthday date not null,
  class INT not null,
  phone VARCHAR(11) not null,        
  psd VARCHAR(9)  DEFAULT '12345',
  FOREIGN KEY(class) REFERENCES  class_schedule(cid)                
);
/*成绩表结构*/
create table score(
	uid int(9),
	Chinese int,
	Math int,
	English int,
	classid int not null,
    /*foreign key(uid) references stu(sid),*/
	foreign key(classid) references class_schedule(cid)
);
/*教师表结构*/
CREATE TABLE teacher(
  tid tinyint PRIMARY KEY AUTO_INCREMENT,
  tname VARCHAR(16) not null,
  tsex BOOLEAN not null,
  tphone CHAR(11) not null,        
  class_id int,
  tpsd VARCHAR(9)  not null DEFAULT '123456',
  foreign key(class_id) references class_schedule(cid)
)charset='utf8';
/*成绩输入*/
insert into score values 
(202010001,80,76,65,10),
(202010002,91,88,72,10),
(202010003,72,34,66,10),
(202010004,81,86,79,10),
(202010005,72,76,88,10),
(202010006,77,58,97,10),
(202010007,60,90,96,10),
(202010008,91,82,65,10),
(202010009,78,82,76,10),
(202010010,81,48,95,10),
(202010011,90,39,94,10),
(202010012,56,68,98,10),
(202010013,73,88,90,10),
(202010014,78,62,97,10),
(202010015,86,67,60,10),
(202010016,64,35,99,10),
(202010017,70,54,86,10),
(202010018,57,85,83,10),
(202010019,60,79,99,10),
(202010020,78,75,73,10),
(202010021,59,45,64,20),
(202010022,69,86,65,20),
(202010023,56,46,61,20),
(202010024,74,32,79,20),
(202010025,65,53,84,20),
(202010026,51,82,85,20),
(202010027,89,78,76,20),
(202010028,85,96,71,20),
(202010029,74,36,81,20),
(202010030,55,64,98,20),
(202010031,95,83,87,20),
(202010032,62,45,69,20),
(202010033,60,80,77,20),
(202010034,80,63,97,20),
(202010035,73,67,66,20),
(202010036,62,78,100,20),
(202010037,71,56,79,20),
(202010038,87,73,79,20),
(202010039,64,58,77,20),
(202010040,73,77,69,20),
(202010041,86,44,70,30),
(202010042,84,83,65,30),
(202010043,90,75,68,30),
(202010044,86,90,67,30),
(202010045,50,51,89,30),
(202010046,90,86,70,30),
(202010047,53,90,74,30),
(202010048,54,30,66,30),
(202010049,50,39,65,30),
(202010050,73,84,74,30),
(202010051,52,69,74,30),
(202010052,53,42,95,30),
(202010053,89,87,66,30),
(202010054,57,49,60,30),
(202010055,51,79,71,30),
(202010056,84,41,88,30),
(202010057,99,46,73,30),
(202010058,97,68,79,30),
(202010059,76,85,85,30),
(202010060,71,77,96,30),
(202010061,65,66,99,30),
(202010062,84,68,60,30),
(202010063,79,48,75,30),
(202010064,58,40,60,30),
(202010065,69,35,75,30),
(202010066,63,88,72,30),
(202010067,64,74,95,30),
(202010068,90,31,86,30),
(202010069,82,68,78,30),
(202010070,66,31,86,30),
(202010071,89,75,99,30),
(202010072,92,41,94,40),
(202010073,66,37,82,40),
(202010074,79,81,65,40),
(202010075,99,93,88,40),
(202010076,72,43,89,40),
(202010077,77,51,89,40),
(202010078,94,31,71,40),
(202010079,74,59,90,40),
(202010080,58,62,60,40),
(202010081,90,78,74,40),
(202010082,82,63,91,40),
(202010083,60,46,72,40),
(202010084,95,58,98,40),
(202010085,100,86,61,40),
(202010086,60,67,75,40),
(202010087,84,45,67,40),
(202010088,77,74,63,40),
(202010089,90,80,82,40),
(202010090,70,98,100,40),
(202010091,89,94,70,40),
(202010092,98,62,95,40),
(202010093,94,77,93,40),
(202010094,54,33,66,50),
(202010095,96,81,76,50),
(202010096,70,58,86,50),
(202010097,83,100,96,50),
(202010098,68,43,69,50),
(202010099,91,62,78,50),
(202010100,53,65,91,50),
(202010101,85,82,69,50),
(202010102,87,97,76,50),
(202010103,51,47,79,50);


/*教师表添加数据*/
insert into teacher values
(1,'张伟','1','13825685580',30,'a12356'),
(null,'王爽','0','15855684585',10,'a15256'),
(null,'李卓','1','15752228580',20,'a13256'),
(null,'吴大大','1','15456682053',10,'a11356'),
(null,'欧阳梦','0','13825613580',30,default),
(null,'叶海','1','15936564880',10,'a21526'),
(null,'诸葛青','0','15264684804',20,'a54663'),
(null,'宇文成','1','13932153580',30,default),
(null,'冯宝宝','0','15825685580',20,'a69622'),
(null,'巫敏','0','13722156130',10,default),
(null,'邬总','1','15832241655',30,'a65363'),
(null,'杨丽','0','13245425580',10,default);
/*学生表添加数据*/
insert into stu VALUES
(202010001,'赵强',1,'1997-12-12','10','13409098787',default),
(202010002,'赵文',1,'1998-11-1','10','13409098787',default),
(202010003,'赵康康',1,'1999-12-5','10','13409098787',default),
(202010004,'赵楠',1,'2001-2-1','10','13409098787',default),
(202010005,'赵偶刚',1,'1997-8-15','10','13409098787',default),
(202010006,'钱强',1,'1997-12-1','10','13409098787',default),
(202010007,'钱康',1,'1997-12-1','10','13409098787',default),
(202010008,'钱吴',1,'1997-12-1','10','13409098787',default),
(202010009,'李国',1,'1997-12-15','10','13409098787',default),
(202010010,'李平川',1,'1997-12-21','10','13409098787',default),
(202010011,'赵丽',0,'1997-12-17','10','13409098787',default),
(202010012,'王清',0,'1997-12-1','10','13409098787',default),
(202010013,'孙晓',0,'1997-12-5','10','13409098787',default),
(202010014,'王丽坤',0,'1997-12-3','10','13409098787',default),
(202010015,'孙比伯',1,'1997-12-6','10','13409098787',default),
(202010016,'张伍',1,'1997-12-1','10','13409098787',default),
(202010017,'李萍萍',0,'1997-12-2','10','13409098787',default),
(202010018,'成小春',1,'1997-12-8','10','13409098787',default),
(202010019,'邓佳慧',0,'1997-12-12','10','13409098787',default),
(202010020,'王伟刚',1,'1997-12-1','10','13409098787',default),
(202010021,'张丽芳',1,'1997-12-1','20','13409098787',default),
(202010022,'刘国梁',1,'1997-12-1','20','13409098787',default),
(202010023,'刘凯',1,'1997-12-13','20','13409098787',default),
(202010024,'刘杰',1,'1997-12-1','20','13409098787',default),
(202010025,'周刚',1,'1997-12-13','20','13409098787',default),
(202010026,'周杰',1,'1997-12-1','20','13409098787',default),
(202010027,'林晓晨',0,'1997-12-1','20','13409098787',default),
(202010028,'林盛',1,'1997-12-16','20','13409098787',default),
(202010029,'王群',1,'1997-12-1','20','13409098787',default),
(202010030,'彭立',1,'1997-12-18','20','13409098787',default),
(202010031,'曾国',1,'1997-12-1','20','13409098787',default),
(202010032,'韩晓',0,'1997-12-13','20','13409098787',default),
(202010033,'王小明',1,'1997-12-1','20','13409098787',default),
(202010034,'李鹏鹏',1,'1997-12-1','20','13409098787',default),
(202010035,'吴晓波',1,'1997-12-13','20','13409098787',default),
(202010036,'吴利群',1,'1997-12-1','20','13409098787',default),
(202010037,'郑雪',0,'1997-12-1','20','13409098787',default),
(202010038,'欧阳小川',1,'1997-12-1','20','13409098787',default),
(202010039,'冯小龙',1,'1997-12-1','20','13409098787',default),
(202010040,'冯立国',1,'1997-12-1','20','13409098787',default),
(202010041,'冯平',1,'1997-12-1','30','13409098787',default),
(202010042,'杨文',0,'1997-12-1','30','13409098787',default),
(202010043,'杨立新',1,'1997-12-1','30','13409098787',default),
(202010044,'杨发辉',1,'1997-12-1','30','13409098787',default),
(202010045,'杨红',1,'1997-12-1','30','13409098787',default),
(202010046,'田鑫',1,'1997-12-17','30','13409098787',default),
(202010047,'田晓',0,'1999-12-1','30','13409098787',default),
(202010048,'田明',1,'1997-12-1','30','13409098787',default),
(202010049,'黄丽',0,'1997-12-17','30','13409098787',default),
(202010050,'黄国文',1,'1997-12-1','30','13409098787',default),
(202010051,'黄萍萍',0,'1998-12-17','30','13409098787',default),
(202010052,'吴慧刚',1,'1997-12-1','30','13409098787',default),
(202010053,'宋立春',0,'1997-12-1','30','13409098787',default),
(202010054,'宋萍',1,'1996-12-1','30','13409098787',default),
(202010055,'宋康',1,'1997-12-1','30','13409098787',default),
(202010056,'宋强',1,'1997-12-1','30','13409098787',default),
(202010057,'高丽',0,'1997-12-1','30','13409098787',default),
(202010058,'高安',0,'1997-12-17','30','13409098787',default),
(202010059,'安利',0,'1997-12-1','30','13409098787',default),
(202010060,'安琪',0,'1997-12-1','30','13409098787',default),
(202010061,'安安',0,'1997-12-1','30','13409098787',default),
(202010062,'张雪珍',0,'1997-12-1','30','13409098787',default),
(202010063,'张芙',0,'1997-12-1','30','13409098787',default),
(202010064,'何平',1,'1997-12-1','30','13409098787',default),
(202010065,'何立国',1,'1997-12-1','30','13409098787',default),
(202010066,'何晴',0,'1997-12-1','30','13409098787',default),
(202010067,'何松',1,'1997-12-1','30','13409098787',default),
(202010068,'宫琪',1,'1997-12-21','30','13409098787',default),
(202010069,'罗会',0,'1997-12-1','30','13409098787',default),
(202010070,'罗强',1,'1997-12-21','30','13409098787',default),
(202010071,'罗刚',1,'1997-12-1','30','13409098787',default),
(202010072,'罗启航',1,'1997-12-14','40','13409098787',default),
(202010073,'陆雯雯',0,'1997-12-1','40','13409098787',default),
(202010074,'陆强',1,'1997-12-1','40','13409098787',default),
(202010075,'陆陆',0,'1997-12-13','40','13409098787',default),
(202010076,'陆伯',1,'1997-12-1','40','13409098787',default),
(202010077,'卢明',1,'1997-12-1','40','13409098787',default),
(202010078,'鹿康',1,'1997-12-1','40','13409098787',default),
(202010079,'王小强',1,'1997-12-1','40','13409098787',default),
(202010080,'赵小强',1,'1997-12-1','40','13409098787',default),
(202010081,'张小强',1,'1997-12-1','40','13409098787',default),
(202010082,'彭晓强',1,'1997-12-1','40','13409098787',default),
(202010083,'李往',1,'1997-12-1','40','13409098787',default),
(202010084,'菲儿',0,'1997-12-1','40','13409098787',default),
(202010085,'陌然',1,'1997-12-1','40','13409098787',default),
(202010086,'潘丽',0,'1998-12-1','40','13409098787',default),
(202010087,'潘强',1,'1999-12-1','40','13409098787',default),
(202010088,'卫强',1,'1997-12-1','40','13409098787',default),
(202010089,'卫丽',1,'1997-12-1','40','13409098787',default),
(202010090,'卫平',1,'1995-12-1','40','13409098787',default),
(202010091,'卫斯特',1,'1997-12-1','40','13409098787',default),
(202010092,'皮斯特',1,'1999-12-1','40','13409098787',default),
(202010093,'黄黄',0,'1997-12-1','40','13409098787',default),
(202010094,'黄豆豆',1,'1997-12-1','50','13409098787',default),
(202010095,'魏强',1,'1994-12-1','50','13409098787',default),
(202010096,'魏平',0,'1997-12-1','50','13409098787',default),
(202010097,'魏丽',1,'1997-12-1','50','13409098787',default),
(202010098,'李莉',1,'1997-12-1','50','13409098787',default),
(202010099,'李格格',1,'1998-12-14','50','13409098787',default),
(202010100,'王盼盼',0,'1997-12-18','50','13409098787',default),
(202010101,'赵盼盼',0,'1997-12-17','50','13409098787',default),
(202010102,'张盼盼',0,'1999-12-1','50','13409098787',default),
(202010103,'冯盼盼',1,'1997-12-12','50','13409098787',default);